{
  "Sun": {
    "@id": 1,
    "name": "Sun",
    "mass": "1.989e30",
    "radius": "695.8e3",
    "sPos": {"X": 0, "Y": 0, "Z": 0},
    "sVel": {"X": 0, "Y": 0, "Z": 0}
  },
  "Mercury": {
    "@id": 2,
    "name": "Mercury",
    "central_body": 1,
    "mass": "0.33011e24",
    "radius": "2439.7",
    "period": "87.969",
    "sPos": {"X":-1.300936056221509E-1 ,"Y":-4.472876178837526E-1 ,"Z":-2.459830743163482E-2},
    "sVel": {"X": 2.136639568131314E-2 ,"Y":-6.447989761907347E-3 ,"Z":-2.487863334808905E-3},
    "a": 0.38709927,
    "a_Cnt": 3.7e-7,
    "e": 0.20563593,
    "e_Cnt": 0.00001906,
    "I": 7.00497902,
    "I_Cnt": -0.00594749,
    "L": 252.2503235,
    "L_Cnt": 149472.67411175,
    "w": 77.45779628,
    "w_Cnt": 0.16047689,
    "node": 48.33076593,
    "node_Cnt": -0.12534081
  },
  "Venus": {
    "@id": 3,
    "name": "Venus",
    "central_body": 1,
    "mass": 4.8675e24,
    "radius": 6051.8,
    "period": 224.701,
    "sPos": {"X":-7.183022963234706E-1 ,"Y":-3.265430856116129E-2 ,"Z": 4.101418212231694E-2},
    "sVel": {"X": 7.981175265504724E-4 ,"Y":-2.029521870201235E-2 ,"Z":-3.234515057175471E-4},
    "a": 0.72333566,
    "a_Cnt": 0.0000039,
    "e": 0.00677672,
    "e_Cnt": -0.00004107,
    "I": 3.39467605,
    "I_Cnt": -0.0007889,
    "L": 181.9790995,
    "L_Cnt": 58517.81538729,
    "w": 131.60246718,
    "w_Cnt": 0.00268329,
    "node": 76.67984255,
    "node_Cnt": -0.27769418

  },
  "Earth": {
    "@id": 4,
    "name": "Earth",
    "central_body": 1,
    "mass": 5.9723e24,
    "radius": 6371.0,
    "period": 365.256,
    "sPos": {"X":-1.771350998034154E-1 ,"Y": 9.672416866776514E-1 ,"Z":-4.085762902546275E-6},
    "sVel": {"X":-1.720762506685441E-2 ,"Y":-3.158782153712486E-3 ,"Z": 1.049925227823508E-7},
    "a": 1.00000261,
    "a_Cnt": 0.00000562,
    "e": 0.01671123,
    "e_Cnt": -0.00004392,
    "I": -0.00001531,
    "I_Cnt": -0.01294668,
    "L": 100.46457166,
    "L_Cnt": 35999.37244981,
    "w": 102.93768193,
    "w_Cnt": 0.32327364,
    "node": 0,
    "node_Cnt": 0
  },
  "Moon": {
    "@id": 41,
    "name": "Moon",
    "central_body": 4,
    "mass": 1738.0E22,
    "radius": 1738.0,
    "period": 365.256,
    "sPos": {"X":-1.790843814584827E-01, "Y": 9.654035606449805E-01, "Z" :2.383722177694409E-04},
    "sVel": {"X":-1.683595459103093E-02, "Y": -3.580960731546292E-03, "Z": "-6.540546076886734E-06"},
  },
  "Mars": {
    "@id": 5,
    "name": "Mars",
    "central_body": 1,
    "mass": 0.64171e24,
    "radius": 3389.5,
    "period": 686.980,
    "sPos":{"X": 1.390715921788776 ,"Y":-1.341631712903261E-2 ,"Z":-3.446766222373883E-2},
    "sVel":{"X": 6.714994904445635E-4 ,"Y": 1.518724809513546E-2 ,"Z": 3.016517609162754E-4},
    "a": 1.52371034,
    "a_Cnt": 0.00001847,
    "e": 0.0933941,
    "e_Cnt": 0.00007882,
    "I": 1.84969142,
    "I_Cnt": -0.00813131,
    "L": -4.55343205,
    "L_Cnt": 19140.30268499,
    "w": -23.94362959,
    "w_Cnt": 0.44441088,
    "node": 49.55953891,
    "node_Cnt": -0.29257343
  },
  "Jupiter": {
    "@id": 6,
    "name": "Jupiter",
    "central_body": 1,
    "mass": 1898.19e24,
    "radius": 69911.0,
    "period": 4332.589,
    "sPos": {"X": 4.001177401887818 ,"Y": 2.938575825783773 ,"Z":-1.017855210068392E-1},
    "sVel": {"X":-4.568326653487997E-3 ,"Y": 6.443254737957926E-3 ,"Z": 7.558107822241027E-5},
    "a": 5.202887,
    "a_Cnt": -0.00011607,
    "e": 0.04838624,
    "e_Cnt": -0.00013253,
    "I": 1.30439695,
    "I_Cnt": -0.00183714,
    "L": 34.39644051,
    "L_Cnt": 3034.74612775,
    "w": 14.72847983,
    "w_Cnt": 0.21252668,
    "node": 100.47390909,
    "node_Cnt": 0.20469106

  },
  "Saturn": {
    "@id": 7,
    "name": "Saturn",
    "central_body": 1,
    "mass": 568.34e24,
    "radius": 58232.0,
    "period": 10759.22,
    "sPos": {"X": 6.406410428111282 ,"Y": 6.569988454859066 ,"Z":-3.690759768019649E-1},
    "sVel": {"X":-4.291884612974156E-3 ,"Y": 3.890802015259067E-3 ,"Z": 1.026524497505797E-4},
    "a": 9.53667594,
    "a_Cnt": -0.0012506,
    "e": 0.05386179,
    "e_Cnt": -0.00050991,
    "I": 2.48599187,
    "I_Cnt": 0.00193609,
    "L": 49.95424423,
    "L_Cnt": 1222.49362201,
    "w": 92.59887831,
    "w_Cnt": -0.41897216,
    "node": 113.66242448,
    "node_Cnt": -0.28867794
  },
  "Titan": {
    "@id": 71,
    "name": "Titan",
    "central_body": 7,
    "mass": 1345.5E20,
    "radius": 2575.5,
    "period": 15.945421,
    "sPos": {"X":6.400081442713955 , "Y":6.575114652721179, "Z":-3.711011389678209E-1},
    "sVel": {"X":-6.348732948508310E-3 ,"Y": 1.881496608843742E-3 ,"Z": 1.341596459087306E-3},
    "a": 8.168129457448107E-03,
    "a_Cnt": 4.741085223485656E-08,
    "e": 2.860066262621713E-02,
    "e_Cnt": -0.00010724953853153117,
    "I": 2.771833901222795E+01,
    "I_Cnt": 0.13478500007992025,
    "L": 137.08447851096122,
    "L_Cnt": -332.02585872285186,
    "w": 333.6481480648096,
    "w_Cnt": -51.034567183168534,
    "node": 1.692391407892303E+02,
    "node_Cnt": 0.6467737238583224,
    "MA_J2000": 1.634363304461516E+02,
    "peri": 1.644090072755793E+02
  },
  "Uranus": {
    "@id": 8,
    "name": "Uranus",
    "central_body": 1,
    "mass": 86.813e24,
    "radius": 25362.0,
    "period": 30685.4,
    "sPos": {"X": 1.443185676256386E+1 ,"Y":-1.373432200894298E+1 ,"Z":-2.381406844549072E-1},
    "sVel": {"X": 2.678249654910984E-3 ,"Y": 2.672662013264866E-3 ,"Z":-2.478699977543091E-5},
      "a": 19.18916464,
      "a_Cnt": -0.00196176,
      "e": 0.04725744,
      "e_Cnt": -0.00004397,
      "I": 0.77263783,
      "I_Cnt": -0.00242939,
      "L": 313.23810451,
      "L_Cnt": 428.48202785,
      "w": 170.9542763,
      "w_Cnt": 0.40805281,
      "node": 74.01692503,
      "node_Cnt": 0.04240589
  },
  "Neptune": {
    "@id": 9,
    "name": "Neptune",
    "central_body": 1,
    "mass": 102.413e24,
    "radius": 24622.0,
    "period": 60189,
    "sPos": {"X": 1.681204687166792E+1 ,"Y":-2.499176375443614E+1 ,"Z": 1.272229290415585E-1},
    "sVel": {"X": 2.578912324822800E-3 ,"Y": 1.776527318808884E-3 ,"Z":-9.601647224816635E-5},
    "a": 30.06992276,
    "a_Cnt": 0.00026291,
    "e": 0.00859048,
    "e_Cnt": 0.00005105,
    "I": 1.77004347,
    "I_Cnt": 0.00035372,
    "L": -55.12002969,
    "L_Cnt": 218.45945325,
    "w": 44.96476227,
    "w_Cnt": -0.32241464,
    "node": 131.78422574,
    "node_Cnt": -0.00508664
  },
  "All": [1, 2, 3, 4, 5, 6, 7, 71, 8, 9]
}