{
  "Sun": {
    "@id": 1,
    "name": "Sun",
    "mass": "1.989e30",
    "radius": "695.8e3"
  },
  "Mercury": {
    "name": "Mercury",
    "orbits_around": 1,
    "mass": "0.33011e24",
    "radius": "2439.7",
    "period": "87.969",
    "locationVars": {
      "a": 0.38709927,
      "a_Cnt": 3.7e-7,
      "e": 0.20563593,
      "e_Cnt": 0.00001906,
      "I": 7.00497902,
      "I_Cnt": -0.00594749,
      "L": 252.2503235,
      "L_Cnt": 149472.67411175,
      "w": 77.45779628,
      "w_Cnt": 0.16047689,
      "node": 48.33076593,
      "node_Cnt": -0.12534081}
  },
  "Venus": {
    "name": "Venus",
    "orbits_around": 1,
    "mass": 4.8675e24,
    "radius": 6051.8,
    "period": 224.701,
    "locationVars": {
      "a": 0.72333566,
      "a_Cnt": 0.0000039,
      "e": 0.00677672,
      "e_Cnt": -0.00004107,
      "I": 3.39467605,
      "I_Cnt": -0.0007889,
      "L": 181.9790995,
      "L_Cnt": 58517.81538729,
      "w": 131.60246718,
      "w_Cnt": 0.00268329,
      "node": 76.67984255,
      "node_Cnt": -0.27769418
    }
  },
  "Earth": {
    "name": "Earth",
    "orbits_around": 1,
    "mass": 5.9723e24,
    "radius": 6371.0,
    "period": 365.256,
    "locationVars": {
      "a": 1.00000261,
      "a_Cnt": 0.00000562,
      "e": 0.01671123,
      "e_Cnt": -0.00004392,
      "I": -0.00001531,
      "I_Cnt": -0.01294668,
      "L": 100.46457166,
      "L_Cnt": 35999.37244981,
      "w": 102.93768193,
      "w_Cnt": 0.32327364,
      "node": 0,
      "node_Cnt": 0
    }
  },
  "Mars": {
    "name": "Mars",
    "orbits_around": 1,
    "mass": 0.64171e24,
    "radius": 3389.5,
    "period": 686.980,
    "locationVars": {
      "a": 1.52371034,
      "a_Cnt": 0.00001847,
      "e": 0.0933941,
      "e_Cnt": 0.00007882,
      "I": 1.84969142,
      "I_Cnt": -0.00813131,
      "L": -4.55343205,
      "L_Cnt": 19140.30268499,
      "w": -23.94362959,
      "w_Cnt": 0.44441088,
      "node": 49.55953891,
      "node_Cnt": -0.29257343
    }
  },
  "Jupiter": {
    "name": "Jupiter",
    "orbits_around": 1,
    "mass": 1898.19e24,
    "radius": 69911.0,
    "period": 4332.589,
    "locationVars": {
      "a": 5.202887,
      "a_Cnt": -0.00011607,
      "e": 0.04838624,
      "e_Cnt": -0.00013253,
      "I": 1.30439695,
      "I_Cnt": -0.00183714,
      "L": 34.39644051,
      "L_Cnt": 3034.74612775,
      "w": 14.72847983,
      "w_Cnt": 0.21252668,
      "node": 100.47390909,
      "node_Cnt": 0.20469106
    }
  },
  "Saturn": {
    "name": "Saturn",
    "orbits_around": 1,
    "mass": 568.34e24,
    "radius": 58232.0,
    "period": 10759.22,
    "locationVars": {
      "a": 9.53667594,
      "a_Cnt": -0.0012506,
      "e": 0.05386179,
      "e_Cnt": -0.00050991,
      "I": 2.48599187,
      "I_Cnt": 0.00193609,
      "L": 49.95424423,
      "L_Cnt": 1222.49362201,
      "w": 92.59887831,
      "w_Cnt": -0.41897216,
      "node": 113.66242448,
      "node_Cnt": -0.28867794
    }
  },
  "Uranus": {
    "name": "Uranus",
    "mass": 86.813e24,
    "radius": 25362.0,
    "period": 30685.4,
    "locationVars": {
      "a": 19.18916464,
      "a_Cnt": -0.00196176,
      "e": 0.04725744,
      "e_Cnt": -0.00004397,
      "I": 0.77263783,
      "I_Cnt": -0.00242939,
      "L": 313.23810451,
      "L_Cnt": 428.48202785,
      "w": 170.9542763,
      "w_Cnt": 0.40805281,
      "node": 74.01692503,
      "node_Cnt": 0.04240589
    }
  },
  "Neptune": {
    "name": "Neptune",
    "orbits_around": 1,
    "mass": 102.413e24,
    "radius": 24622.0,
    "period": 60189,
    "locationVars": {
      "a": 30.06992276,
      "a_Cnt": 0.00026291,
      "e": 0.00859048,
      "e_Cnt": 0.00005105,
      "I": 1.77004347,
      "I_Cnt": 0.00035372,
      "L": -55.12002969,
      "L_Cnt": 218.45945325,
      "w": 44.96476227,
      "w_Cnt": -0.32241464,
      "node": 131.78422574,
      "node_Cnt": -0.00508664
    }
  }
}