{
  "Sun": {
    "@id": 1,
    "name": "Sun",
    "mass": "1.989e30",
    "radius": "695.8e3",
    "sPos": {"X": 0, "Y": 0, "Z": 0},
    "sVel": {"X": 0, "Y": 0, "Z": 0}
  },
  "Mercury": {
    "@id": 2,
    "name": "Mercury",
    "central_body": 1,
    "mass": "0.33011e24",
    "radius": "2439.7",
    "period": "87.969",
    "orbital_properties": {
      "a_J2000": 0.38709927,
      "a_Cnt": 3.7e-7,
      "e_J2000": 0.20563593,
      "e_Cnt": 0.00001906,
      "i_J2000": 7.00497902,
      "i_Cnt": -0.00594749,
      "l_J2000": 252.2503235,
      "l_Cnt": 149472.67411175,
      "w_J2000": 77.45779628,
      "w_Cnt": 0.16047689,
      "node_J2000": 48.33076593,
      "node_Cnt": -0.12534081
    }
  },
  "Venus": {
    "@id": 3,
    "name": "Venus",
    "central_body": 1,
    "mass": 4.8675e24,
    "radius": 6051.8,
    "period": 224.701,
    "orbital_properties": {
      "a_J2000": 0.72333566,
      "a_Cnt": 0.0000039,
      "e_J2000": 0.00677672,
      "e_Cnt": -0.00004107,
      "i_J2000": 3.39467605,
      "i_Cnt": -0.0007889,
      "l_J2000": 181.9790995,
      "l_Cnt": 58517.81538729,
      "w_J2000": 131.60246718,
      "w_Cnt": 0.00268329,
      "node_J2000": 76.67984255,
      "node_Cnt": -0.27769418
    }
  },
  "Earth": {
    "@id": 4,
    "name": "Earth",
    "central_body": 1,
    "mass": 5.9723e24,
    "radius": 6371.0,
    "period": 365.256,
    "orbital_properties": {
      "a_J2000": 1.00000261,
      "a_Cnt": 0.00000562,
      "e_J2000": 0.01671123,
      "e_Cnt": -0.00004392,
      "i_J2000": -0.00001531,
      "i_Cnt": -0.01294668,
      "l_J2000": 100.46457166,
      "l_Cnt": 35999.37244981,
      "w_J2000": 102.93768193,
      "w_Cnt": 0.32327364,
      "node_J2000": 0,
      "node_Cnt": 0
    }
  },
  "Mars": {
    "@id": 5,
    "name": "Mars",
    "central_body": 1,
    "mass": 0.64171e24,
    "radius": 3389.5,
    "period": 686.980,
    "orbital_properties": {
      "a_J2000": 1.52371034,
      "a_Cnt": 0.00001847,
      "e_J2000": 0.0933941,
      "e_Cnt": 0.00007882,
      "i_J2000": 1.84969142,
      "i_Cnt": -0.00813131,
      "l_J2000": -4.55343205,
      "l_Cnt": 19140.30268499,
      "w_J2000": -23.94362959,
      "w_Cnt": 0.44441088,
      "node_J2000": 49.55953891,
      "node_Cnt": -0.29257343
    }
  },
  "Jupiter": {
    "@id": 6,
    "name": "Jupiter",
    "central_body": 1,
    "mass": 1898.19e24,
    "radius": 69911.0,
    "period": 4332.589,
    "orbital_properties": {
      "a_J2000": 5.202887,
      "a_Cnt": -0.00011607,
      "e_J2000": 0.04838624,
      "e_Cnt": -0.00013253,
      "i_J2000": 1.30439695,
      "i_Cnt": -0.00183714,
      "l_J2000": 34.39644051,
      "l_Cnt": 3034.74612775,
      "w_J2000": 14.72847983,
      "w_Cnt": 0.21252668,
      "node_J2000": 100.47390909,
      "node_Cnt": 0.20469106
    }
  },
  "Saturn": {
    "@id": 7,
    "name": "Saturn",
    "central_body": 1,
    "mass": 568.34e24,
    "radius": 58232.0,
    "period": 10759.22,
    "orbital_properties": {
      "a_J2000": 9.53667594,
      "a_Cnt": -0.0012506,
      "e_J2000": 0.05386179,
      "e_Cnt": -0.00050991,
      "i_J2000": 2.48599187,
      "i_Cnt": 0.00193609,
      "l_J2000": 49.95424423,
      "l_Cnt": 1222.49362201,
      "w_J2000": 92.59887831,
      "w_Cnt": -0.41897216,
      "node_J2000": 113.66242448,
      "node_Cnt": -0.28867794
    }
  },
  "Titan": {
    "@id": 71,
    "name": "Titan",
    "central_body": 7,
    "mass": 1345.5E20,
    "radius": 2575.5,
    "period": 15.945421,
    "orbital_properties": {
      "a_J2000": 8.168129457448107E-03,
      "a_Cnt": 4.741085223485656E-08,
      "e_J2000": 2.860066262621713E-02,
      "e_Cnt": -0.00010724953853153117,
      "i_J2000": 2.771833901222795E+01,
      "i_Cnt": 0.13478500007992025,
      "l_J2000": 137.08447851096122,
      "l_Cnt": -332.02585872285186,
      "w_J2000": 333.6481480648096,
      "w_Cnt": -51.034567183168534,
      "node_J2000": 1.692391407892303E+02,
      "node_Cnt": 0.6467737238583224
    }
  },
  "Uranus": {
    "@id": 8,
    "name": "Uranus",
    "central_body": 1,
    "mass": 86.813e24,
    "radius": 25362.0,
    "period": 30685.4,
    "orbital_properties": {
      "a_J2000": 19.18916464,
      "a_Cnt": -0.00196176,
      "e_J2000": 0.04725744,
      "e_Cnt": -0.00004397,
      "i_J2000": 0.77263783,
      "i_Cnt": -0.00242939,
      "l_J2000": 313.23810451,
      "l_Cnt": 428.48202785,
      "w_J2000": 170.9542763,
      "w_Cnt": 0.40805281,
      "node_J2000": 74.01692503,
      "node_Cnt": 0.04240589
    }
  },
  "Neptune": {
    "@id": 9,
    "name": "Neptune",
    "central_body": 1,
    "mass": 102.413e24,
    "radius": 24622.0,
    "period": 60189,
    "orbital_properties": {
      "a_J2000": 30.06992276,
      "a_Cnt": 0.00026291,
      "e_J2000": 0.00859048,
      "e_Cnt": 0.00005105,
      "i_J2000": 1.77004347,
      "i_Cnt": 0.00035372,
      "l_J2000": -55.12002969,
      "l_Cnt": 218.45945325,
      "w_J2000": 44.96476227,
      "w_Cnt": -0.32241464,
      "node_J2000": 131.78422574,
      "node_Cnt": -0.00508664
    }
  },
  "All": [1, 2, 3, 4, 5, 6, 7, 71, 8, 9]
}